-- MySQL dump 10.13  Distrib 8.0.32, for macos13 (x86_64)
--
-- Host: localhost    Database: simplesend
-- ------------------------------------------------------
-- Server version	8.0.32

/*!40101 SET @OLD_CHARACTER_SET_CLIENT=@@CHARACTER_SET_CLIENT */;
/*!40101 SET @OLD_CHARACTER_SET_RESULTS=@@CHARACTER_SET_RESULTS */;
/*!40101 SET @OLD_COLLATION_CONNECTION=@@COLLATION_CONNECTION */;
/*!50503 SET NAMES utf8mb4 */;
/*!40103 SET @OLD_TIME_ZONE=@@TIME_ZONE */;
/*!40103 SET TIME_ZONE='+00:00' */;
/*!40014 SET @OLD_UNIQUE_CHECKS=@@UNIQUE_CHECKS, UNIQUE_CHECKS=0 */;
/*!40014 SET @OLD_FOREIGN_KEY_CHECKS=@@FOREIGN_KEY_CHECKS, FOREIGN_KEY_CHECKS=0 */;
/*!40101 SET @OLD_SQL_MODE=@@SQL_MODE, SQL_MODE='NO_AUTO_VALUE_ON_ZERO' */;
/*!40111 SET @OLD_SQL_NOTES=@@SQL_NOTES, SQL_NOTES=0 */;

--
-- Table structure for table `api_key_list`
--

DROP TABLE IF EXISTS `api_key_list`;
/*!40101 SET @saved_cs_client     = @@character_set_client */;
/*!50503 SET character_set_client = utf8mb4 */;
CREATE TABLE `api_key_list` (
  `id` int NOT NULL AUTO_INCREMENT,
  `user_id` int NOT NULL,
  `api_key` varchar(255) NOT NULL,
  `status` tinyint unsigned NOT NULL,
  `start_time` datetime NOT NULL,
  `expired_time` datetime NOT NULL,
  PRIMARY KEY (`id`)
) ENGINE=InnoDB AUTO_INCREMENT=11 DEFAULT CHARSET=utf8mb4 COLLATE=utf8mb4_0900_ai_ci;
/*!40101 SET character_set_client = @saved_cs_client */;

--
-- Dumping data for table `api_key_list`
--

LOCK TABLES `api_key_list` WRITE;
/*!40000 ALTER TABLE `api_key_list` DISABLE KEYS */;
INSERT INTO `api_key_list` VALUES (9,1,'eyJhbGciOiJIUzI1NiIsInR5cCI6IkpXVCJ9.eyJ1c2VySWQiOjEsImlhdCI6MTY4MTM3NTM3OSwiZXhwIjoxNzEyOTExMzc5fQ.AhrM8LHv_fNEd-UgvTRFpoKaP6SEK8tPfwrQF1kHOC8',0,'2023-04-13 16:42:59','2023-04-20 16:43:22'),(10,1,'eyJhbGciOiJIUzI1NiIsInR5cCI6IkpXVCJ9.eyJ1c2VySWQiOjEsImlhdCI6MTY4MTM3NTQwMiwiZXhwIjoxNzEyOTExNDAyfQ.JjYC4mjxFHavSnAX2aROeuh92yUucxHx45SDq2Zr0n0',1,'2023-04-13 16:43:22','2024-04-12 16:43:22');
/*!40000 ALTER TABLE `api_key_list` ENABLE KEYS */;
UNLOCK TABLES;

--
-- Table structure for table `send_email_list`
--

DROP TABLE IF EXISTS `send_email_list`;
/*!40101 SET @saved_cs_client     = @@character_set_client */;
/*!50503 SET character_set_client = utf8mb4 */;
CREATE TABLE `send_email_list` (
  `id` int NOT NULL AUTO_INCREMENT,
  `user_id` int NOT NULL,
  `name_from` varchar(255) NOT NULL,
  `email_to` varchar(255) NOT NULL,
  `email_bcc` varchar(255) NOT NULL,
  `email_cc` varchar(255) NOT NULL,
  `email_reply_to` varchar(255) NOT NULL,
  `email_subject` varchar(255) NOT NULL,
  `email_body_type` varchar(20) NOT NULL,
  `email_body_content` longtext NOT NULL,
  `tracking_open` tinyint unsigned NOT NULL,
  `tracking_click` tinyint unsigned NOT NULL,
  `created_dt` datetime NOT NULL,
  `send_status` varchar(20) NOT NULL,
  `first_trigger_dt` datetime NOT NULL,
  PRIMARY KEY (`id`)
) ENGINE=InnoDB AUTO_INCREMENT=44 DEFAULT CHARSET=utf8mb4 COLLATE=utf8mb4_0900_ai_ci;
/*!40101 SET character_set_client = @saved_cs_client */;

--
-- Dumping data for table `send_email_list`
--

LOCK TABLES `send_email_list` WRITE;
/*!40000 ALTER TABLE `send_email_list` DISABLE KEYS */;
INSERT INTO `send_email_list` VALUES (1,1,'test','tingyilia00@gmail.com','tingyilia00@gmail.com','tingyilia00@gmail.com','tingyilia00@gmail.com','testTest','text','eeeee',0,0,'2023-04-13 17:23:49','created','2023-04-13 17:23:49'),(2,1,'test','tingyilia00@gmail.com','tingyilia00@gmail.com','tingyilia00@gmail.com','tingyilia00@gmail.com','testTest','text','eeeee',0,0,'2023-04-13 17:24:07','created','2023-04-13 17:24:07'),(3,1,'test','tingyilia00@gmail.com','tingyilia00@gmail.com','tingyilia00@gmail.com','tingyilia00@gmail.com','testTest','text','eeeee',0,0,'2023-04-13 17:24:37','created','2023-04-13 17:24:37'),(4,1,'test','tingyilia00@gmail.com','tingyilia00@gmail.com','tingyilia00@gmail.com','tingyilia00@gmail.com','testTest','text','eeeee',0,0,'2023-04-13 18:00:33','created','2023-04-13 18:00:33'),(5,1,'test','tingyilia00@gmail.com','tingyilia00@gmail.com','tingyilia00@gmail.com','tingyilia00@gmail.com','testTest','text','eeeee',1,0,'2023-04-13 18:01:25','created','2023-04-13 18:01:25'),(6,1,'test','tingyilia00@gmail.com','tingyilia00@gmail.com','tingyilia00@gmail.com','tingyilia00@gmail.com','testTest','text','eeeee',1,0,'2023-04-13 18:15:38','created','2023-04-13 18:15:38'),(7,1,'test','tingyilia00@gmail.com','tingyilia00@gmail.com','tingyilia00@gmail.com','tingyilia00@gmail.com','testTest','text','eeeee',1,0,'2023-04-13 18:16:21','created','2023-04-13 18:16:21'),(8,1,'test','tingyilia00@gmail.com','tingyilia00@gmail.com','tingyilia00@gmail.com','tingyilia00@gmail.com','testTest','text','eeeee',1,0,'2023-04-14 14:03:13','pending','2023-04-14 14:03:13'),(9,1,'test','tingyilia00@gmail.com','tingyilia00@gmail.com','tingyilia00@gmail.com','tingyilia00@gmail.com','test12121','text','eeeee',1,0,'2023-04-14 14:16:34','pending','2023-04-14 14:16:34'),(10,1,'test','tingyilia00@gmail.com','tingyilia00@gmail.com','tingyilia00@gmail.com','tingyilia00@gmail.com','test6666','text','eeeee',1,0,'2023-04-14 14:19:45','failed','2023-04-14 14:19:45'),(11,1,'test','tingyilia00@gmail.com','tingyilia00@gmail.com','tingyilia00@gmail.com','tingyilia00@gmail.com','test787878','text','eeeee',1,0,'2023-04-14 14:21:03','pending','2023-04-14 14:21:03'),(12,1,'test','tingyilia00@gmail.com','tingyilia00@gmail.com','tingyilia00@gmail.com','tingyilia00@gmail.com','test787878','text','eeeee',1,0,'2023-04-14 14:21:24','failed','2023-04-14 14:21:24'),(13,1,'test','tingyilia00@gmail.com','tingyilia00@gmail.com','tingyilia00@gmail.com','tingyilia00@gmail.com','test787878','text','eeeee',1,0,'2023-04-14 14:23:33','pending','2023-04-14 14:23:33'),(14,1,'test','tingyilia00@gmail.com','tingyilia00@gmail.com','tingyilia00@gmail.com','tingyilia00@gmail.com','test787878','text','eeeee',1,0,'2023-04-14 14:23:51','pending','2023-04-14 14:23:51'),(15,1,'test','tingyilia00@gmail.com','tingyilia00@gmail.com','tingyilia00@gmail.com','tingyilia00@gmail.com','test787878','text','eeeee',1,0,'2023-04-14 14:24:44','failed','2023-04-14 14:24:44'),(16,1,'test','tingyilia00@gmail.com','tingyilia00@gmail.com','tingyilia00@gmail.com','tingyilia00@gmail.com','test787878','text','eeeee',1,0,'2023-04-14 14:27:13','failed','2023-04-14 14:27:13'),(17,1,'test','tingyilia00@gmail.com','tingyilia00@gmail.com','tingyilia00@gmail.com','tingyilia00@gmail.com','test787878','text','eeeee',1,0,'2023-04-14 14:28:52','success','2023-04-14 14:28:52'),(18,1,'test','tingyilia00@gmail.com','tingyilia00@gmail.com','tingyilia00@gmail.com','tingyilia00@gmail.com','test787878','text','eeeee',1,0,'2023-04-14 14:30:12','success','2023-04-14 14:30:12'),(19,1,'test','tingyilia00@gmail.com','tingyilia00@gmail.com','tingyilia00@gmail.com','tingyilia00@gmail.com','test787878','text','eeeee',0,0,'2023-04-14 14:30:33','success','2023-04-14 14:30:33'),(20,1,'test','tingyilia00@gmail.com','tingyilia00@gmail.com','tingyilia00@gmail.com','tingyilia00@gmail.com','test787878','html','eeeee',0,0,'2023-04-14 14:30:57','success','2023-04-14 14:30:57'),(21,1,'test','tingyilia00@gmail.com','tingyilia00@gmail.com','tingyilia00@gmail.com','tingyilia00@gmail.com','test787878','html','123123',0,0,'2023-04-14 14:46:44','success','2023-04-14 14:46:44'),(22,1,'test','tingyilia00@gmail.com','tingyilia00@gmail.com','tingyilia00@gmail.com','tingyilia00@gmail.com','test787878','html','<!DOCTYPE HTML PUBLIC \"-//W3C//DTD XHTML 1.0 Transitional //EN\" \"http://www.w3.org/TR/xhtml1/DTD/xhtml1-transitional.dtd\">\n<html xmlns=\"http://www.w3.org/1999/xhtml\" xmlns:v=\"urn:schemas-microsoft-com:vml\" xmlns:o=\"urn:schemas-microsoft-com:office:office\">\n<head>\n<!--[if gte mso 9]>\n<xml>\n  <o:OfficeDocumentSettings>\n    <o:AllowPNG/>\n    <o:PixelsPerInch>96</o:PixelsPerInch>\n  </o:OfficeDocumentSettings>\n</xml>\n<![endif]-->\n  <meta http-equiv=\"Content-Type\" content=\"text/html; charset=UTF-8\">\n  <meta name=\"viewport\" content=\"width=device-width, initial-scale=1.0\">\n  <meta name=\"x-apple-disable-message-reformatting\">\n  <!--[if !mso]><!--><meta http-equiv=\"X-UA-Compatible\" content=\"IE=edge\"><!--<![endif]-->\n  <title></title>\n  \n    <style type=\"text/css\">\n      @media only screen and (min-width: 620px) {\n  .u-row {\n    width: 600px !important;\n  }\n  .u-row .u-col {\n    vertical-align: top;\n  }\n\n  .u-row .u-col-33p33 {\n    width: 199.98px !important;\n  }\n\n  .u-row .u-col-66p67 {\n    width: 400.02px !important;\n  }\n\n  .u-row .u-col-100 {\n    width: 600px !important;\n  }\n\n}\n\n@media (max-width: 620px) {\n  .u-row-container {\n    max-width: 100% !important;\n    padding-left: 0px !important;\n    padding-right: 0px !important;\n  }\n  .u-row .u-col {\n    min-width: 320px !important;\n    max-width: 100% !important;\n    display: block !important;\n  }\n  .u-row {\n    width: 100% !important;\n  }\n  .u-col {\n    width: 100% !important;\n  }\n  .u-col > div {\n    margin: 0 auto;\n  }\n}\nbody {\n  margin: 0;\n  padding: 0;\n}\n\ntable,\ntr,\ntd {\n  vertical-align: top;\n  border-collapse: collapse;\n}\n\np {\n  margin: 0;\n}\n\n.ie-container table,\n.mso-container table {\n  table-layout: fixed;\n}\n\n* {\n  line-height: inherit;\n}\n\na[x-apple-data-detectors=\'true\'] {\n  color: inherit !important;\n  text-decoration: none !important;\n}\n\ntable, td { color: #000000; } #u_body a { color: #0000ee; text-decoration: underline; } @media (max-width: 480px) { #u_content_image_1 .v-container-padding-padding { padding: 40px 0px 0px !important; } #u_content_image_1 .v-src-width { width: auto !important; } #u_content_image_1 .v-src-max-width { max-width: 55% !important; } #u_content_heading_3 .v-font-size { font-size: 18px !important; } #u_content_heading_2 .v-container-padding-padding { padding: 5px 10px 40px !important; } #u_content_heading_4 .v-container-padding-padding { padding: 40px 10px 0px !important; } #u_content_heading_4 .v-text-align { text-align: center !important; } #u_content_divider_1 .v-container-padding-padding { padding: 10px 10px 10px 125px !important; } #u_content_text_2 .v-container-padding-padding { padding: 10px 10px 40px !important; } #u_content_text_2 .v-text-align { text-align: center !important; } #u_content_button_1 .v-size-width { width: 60% !important; } #u_content_image_4 .v-container-padding-padding { padding: 40px 10px 10px !important; } #u_content_image_4 .v-src-width { width: auto !important; } #u_content_image_4 .v-src-max-width { max-width: 30% !important; } #u_content_heading_7 .v-container-padding-padding { padding: 10px 10px 0px !important; } #u_content_heading_7 .v-text-align { text-align: center !important; } #u_content_text_5 .v-container-padding-padding { padding: 5px 10px 40px !important; } #u_content_text_5 .v-text-align { text-align: center !important; } #u_row_4.v-row-padding--vertical { padding-top: 0px !important; padding-bottom: 0px !important; } #u_content_image_2 .v-container-padding-padding { padding: 40px 10px 10px !important; } #u_content_image_2 .v-src-width { width: auto !important; } #u_content_image_2 .v-src-max-width { max-width: 30% !important; } #u_content_heading_1 .v-container-padding-padding { padding: 10px 10px 0px !important; } #u_content_heading_1 .v-text-align { text-align: center !important; } #u_content_text_7 .v-container-padding-padding { padding: 5px 10px 40px !important; } #u_content_text_7 .v-text-align { text-align: center !important; } #u_content_social_1 .v-container-padding-padding { padding: 30px 10px 10px !important; } #u_content_text_deprecated_1 .v-container-padding-padding { padding: 10px 10px 20px !important; } #u_content_image_5 .v-container-padding-padding { padding: 20px 10px 30px !important; } }\n    </style>\n  \n  \n\n<!--[if !mso]><!--><link href=\"https://fonts.googleapis.com/css?family=Raleway:400,700&display=swap\" rel=\"stylesheet\" type=\"text/css\"><!--<![endif]-->\n\n</head>\n\n<body class=\"clean-body u_body\" style=\"margin: 0;padding: 0;-webkit-text-size-adjust: 100%;background-color: #ffffff;color: #000000\">\n  <!--[if IE]><div class=\"ie-container\"><![endif]-->\n  <!--[if mso]><div class=\"mso-container\"><![endif]-->\n  <table id=\"u_body\" style=\"border-collapse: collapse;table-layout: fixed;border-spacing: 0;mso-table-lspace: 0pt;mso-table-rspace: 0pt;vertical-align: top;min-width: 320px;Margin: 0 auto;background-color: #ffffff;width:100%\" cellpadding=\"0\" cellspacing=\"0\">\n  <tbody>\n  <tr style=\"vertical-align: top\">\n    <td style=\"word-break: break-word;border-collapse: collapse !important;vertical-align: top\">\n    <!--[if (mso)|(IE)]><table width=\"100%\" cellpadding=\"0\" cellspacing=\"0\" border=\"0\"><tr><td align=\"center\" style=\"background-color: #ffffff;\"><![endif]-->\n    \n\n<div class=\"u-row-container v-row-padding--vertical\" style=\"padding: 0px;background-color: #ffffff\">\n  <div class=\"u-row\" style=\"Margin: 0 auto;min-width: 320px;max-width: 600px;overflow-wrap: break-word;word-wrap: break-word;word-break: break-word;background-color: transparent;\">\n    <div style=\"border-collapse: collapse;display: table;width: 100%;height: 100%;background-color: transparent;\">\n      <!--[if (mso)|(IE)]><table width=\"100%\" cellpadding=\"0\" cellspacing=\"0\" border=\"0\"><tr><td style=\"padding: 0px;background-color: #ffffff;\" align=\"center\"><table cellpadding=\"0\" cellspacing=\"0\" border=\"0\" style=\"width:600px;\"><tr style=\"background-color: transparent;\"><![endif]-->\n      \n<!--[if (mso)|(IE)]><td align=\"center\" width=\"600\" style=\"background-color: #ffffff;width: 600px;padding: 0px;border-top: 0px solid transparent;border-left: 0px solid transparent;border-right: 0px solid transparent;border-bottom: 0px solid transparent;\" valign=\"top\"><![endif]-->\n<div class=\"u-col u-col-100\" style=\"max-width: 320px;min-width: 600px;display: table-cell;vertical-align: top;\">\n  <div style=\"background-color: #ffffff;height: 100%;width: 100% !important;\">\n  <!--[if (!mso)&(!IE)]><!--><div style=\"box-sizing: border-box; height: 100%; padding: 0px;border-top: 0px solid transparent;border-left: 0px solid transparent;border-right: 0px solid transparent;border-bottom: 0px solid transparent;\"><!--<![endif]-->\n  \n<table id=\"u_content_image_1\" style=\"font-family:\'Raleway\',sans-serif;\" role=\"presentation\" cellpadding=\"0\" cellspacing=\"0\" width=\"100%\" border=\"0\">\n  <tbody>\n    <tr>\n      <td class=\"v-container-padding-padding\" style=\"overflow-wrap:break-word;word-break:break-word;padding:50px 0px 0px;font-family:\'Raleway\',sans-serif;\" align=\"left\">\n        \n<table width=\"100%\" cellpadding=\"0\" cellspacing=\"0\" border=\"0\">\n  <tr>\n    <td class=\"v-text-align\" style=\"padding-right: 0px;padding-left: 0px;\" align=\"center\">\n      \n      <img align=\"center\" border=\"0\" src=\"images/image-5.png\" alt=\"image\" title=\"image\" style=\"outline: none;text-decoration: none;-ms-interpolation-mode: bicubic;clear: both;display: inline-block !important;border: none;height: auto;float: none;width: 76%;max-width: 456px;\" width=\"456\" class=\"v-src-width v-src-max-width\"/>\n      \n    </td>\n  </tr>\n</table>\n\n      </td>\n    </tr>\n  </tbody>\n</table>\n\n<table id=\"u_content_heading_3\" style=\"font-family:\'Raleway\',sans-serif;\" role=\"presentation\" cellpadding=\"0\" cellspacing=\"0\" width=\"100%\" border=\"0\">\n  <tbody>\n    <tr>\n      <td class=\"v-container-padding-padding\" style=\"overflow-wrap:break-word;word-break:break-word;padding:10px 10px 0px;font-family:\'Raleway\',sans-serif;\" align=\"left\">\n        \n  <h1 class=\"v-text-align v-font-size\" style=\"margin: 0px; line-height: 140%; text-align: center; word-wrap: break-word; font-size: 22px; \"><strong>謝謝你的訂購，你的訂單編號為＊＊＊＊</strong></h1>\n\n      </td>\n    </tr>\n  </tbody>\n</table>\n\n<table id=\"u_content_heading_2\" style=\"font-family:\'Raleway\',sans-serif;\" role=\"presentation\" cellpadding=\"0\" cellspacing=\"0\" width=\"100%\" border=\"0\">\n  <tbody>\n    <tr>\n      <td class=\"v-container-padding-padding\" style=\"overflow-wrap:break-word;word-break:break-word;padding:5px 10px 50px;font-family:\'Raleway\',sans-serif;\" align=\"left\">\n        \n  <h1 class=\"v-text-align v-font-size\" style=\"margin: 0px; color: #5c5c5c; line-height: 140%; text-align: center; word-wrap: break-word; font-size: 14px; \">訂單即將送達，請稍待片刻。</h1>\n\n      </td>\n    </tr>\n  </tbody>\n</table>\n\n  <!--[if (!mso)&(!IE)]><!--></div><!--<![endif]-->\n  </div>\n</div>\n<!--[if (mso)|(IE)]></td><![endif]-->\n      <!--[if (mso)|(IE)]></tr></table></td></tr></table><![endif]-->\n    </div>\n  </div>\n</div>\n\n\n\n<div class=\"u-row-container v-row-padding--vertical\" style=\"padding: 0px;background-color: transparent\">\n  <div class=\"u-row\" style=\"Margin: 0 auto;min-width: 320px;max-width: 600px;overflow-wrap: break-word;word-wrap: break-word;word-break: break-word;background-color: transparent;\">\n    <div style=\"border-collapse: collapse;display: table;width: 100%;height: 100%;background-color: transparent;\">\n      <!--[if (mso)|(IE)]><table width=\"100%\" cellpadding=\"0\" cellspacing=\"0\" border=\"0\"><tr><td style=\"padding: 0px;background-color: transparent;\" align=\"center\"><table cellpadding=\"0\" cellspacing=\"0\" border=\"0\" style=\"width:600px;\"><tr style=\"background-color: transparent;\"><![endif]-->\n      \n<!--[if (mso)|(IE)]><td align=\"center\" width=\"600\" style=\"background-color: #f0f5f6;width: 600px;padding: 0px;border-top: 0px solid transparent;border-left: 0px solid transparent;border-right: 0px solid transparent;border-bottom: 0px solid transparent;border-radius: 0px;-webkit-border-radius: 0px; -moz-border-radius: 0px;\" valign=\"top\"><![endif]-->\n<div class=\"u-col u-col-100\" style=\"max-width: 320px;min-width: 600px;display: table-cell;vertical-align: top;\">\n  <div style=\"background-color: #f0f5f6;height: 100%;width: 100% !important;border-radius: 0px;-webkit-border-radius: 0px; -moz-border-radius: 0px;\">\n  <!--[if (!mso)&(!IE)]><!--><div style=\"box-sizing: border-box; height: 100%; padding: 0px;border-top: 0px solid transparent;border-left: 0px solid transparent;border-right: 0px solid transparent;border-bottom: 0px solid transparent;border-radius: 0px;-webkit-border-radius: 0px; -moz-border-radius: 0px;\"><!--<![endif]-->\n  \n<table id=\"u_content_heading_4\" style=\"font-family:\'Raleway\',sans-serif;\" role=\"presentation\" cellpadding=\"0\" cellspacing=\"0\" width=\"100%\" border=\"0\">\n  <tbody>\n    <tr>\n      <td class=\"v-container-padding-padding\" style=\"overflow-wrap:break-word;word-break:break-word;padding:50px 60px 0px;font-family:\'Raleway\',sans-serif;\" align=\"left\">\n        \n  <h1 class=\"v-text-align v-font-size\" style=\"margin: 0px; line-height: 140%; text-align: left; word-wrap: break-word; font-size: 20px; \"><strong>謝謝親</strong></h1>\n\n      </td>\n    </tr>\n  </tbody>\n</table>\n\n<table id=\"u_content_divider_1\" style=\"font-family:\'Raleway\',sans-serif;\" role=\"presentation\" cellpadding=\"0\" cellspacing=\"0\" width=\"100%\" border=\"0\">\n  <tbody>\n    <tr>\n      <td class=\"v-container-padding-padding\" style=\"overflow-wrap:break-word;word-break:break-word;padding:10px 10px 10px 60px;font-family:\'Raleway\',sans-serif;\" align=\"left\">\n        \n  <table height=\"0px\" align=\"left\" border=\"0\" cellpadding=\"0\" cellspacing=\"0\" width=\"38%\" style=\"border-collapse: collapse;table-layout: fixed;border-spacing: 0;mso-table-lspace: 0pt;mso-table-rspace: 0pt;vertical-align: top;border-top: 2px solid #BBBBBB;-ms-text-size-adjust: 100%;-webkit-text-size-adjust: 100%\">\n    <tbody>\n      <tr style=\"vertical-align: top\">\n        <td style=\"word-break: break-word;border-collapse: collapse !important;vertical-align: top;font-size: 0px;line-height: 0px;mso-line-height-rule: exactly;-ms-text-size-adjust: 100%;-webkit-text-size-adjust: 100%\">\n          <span>&#160;</span>\n        </td>\n      </tr>\n    </tbody>\n  </table>\n\n      </td>\n    </tr>\n  </tbody>\n</table>\n\n<table id=\"u_content_text_2\" style=\"font-family:\'Raleway\',sans-serif;\" role=\"presentation\" cellpadding=\"0\" cellspacing=\"0\" width=\"100%\" border=\"0\">\n  <tbody>\n    <tr>\n      <td class=\"v-container-padding-padding\" style=\"overflow-wrap:break-word;word-break:break-word;padding:10px 60px 50px;font-family:\'Raleway\',sans-serif;\" align=\"left\">\n        \n  <div class=\"v-text-align v-font-size\" style=\"line-height: 140%; text-align: justify; word-wrap: break-word;\">\n    <p style=\"line-height: 140%;\">Dear [Customer Name],</p>\n<p style=\"line-height: 140%;\"> </p>\n<p style=\"line-height: 140%;\">This is to confirm that the password for your account has been successfully changed. Your account is now secured with the new password that you have set.</p>\n<p style=\"line-height: 140%;\"> </p>\n<p style=\"line-height: 140%;\">If you did not change your password, please contact us immediately to report any unauthorized access to your account.</p>\n<p style=\"line-height: 140%;\"> </p>\n<p style=\"line-height: 140%;\">If you have any issues or concerns regarding your account, please do not hesitate to contact our customer support team for further assistance.</p>\n<p style=\"line-height: 140%;\"> </p>\n<p style=\"line-height: 140%;\">Thank you for using our service.</p>\n<p style=\"line-height: 140%;\"> </p>\n<p style=\"line-height: 140%;\">Best regards,</p>\n<p style=\"line-height: 140%;\">[Your Name]</p>\n  </div>\n\n      </td>\n    </tr>\n  </tbody>\n</table>\n\n<table id=\"u_content_button_1\" style=\"font-family:\'Raleway\',sans-serif;\" role=\"presentation\" cellpadding=\"0\" cellspacing=\"0\" width=\"100%\" border=\"0\">\n  <tbody>\n    <tr>\n      <td class=\"v-container-padding-padding\" style=\"overflow-wrap:break-word;word-break:break-word;padding:10px;font-family:\'Raleway\',sans-serif;\" align=\"left\">\n        \n  <!--[if mso]><style>.v-button {background: transparent !important;}</style><![endif]-->\n<div class=\"v-text-align\" align=\"center\">\n  <!--[if mso]><v:roundrect xmlns:v=\"urn:schemas-microsoft-com:vml\" xmlns:w=\"urn:schemas-microsoft-com:office:word\" href=\"https://unlayer.com/templates\" style=\"height:37px; v-text-anchor:middle; width:180px;\" arcsize=\"11%\"  stroke=\"f\" fillcolor=\"#000000\"><w:anchorlock/><center style=\"color:#FFFFFF;font-family:\'Raleway\',sans-serif;\"><![endif]-->  \n    <a href=\"https://unlayer.com/templates\" target=\"_blank\" class=\"v-button v-size-width v-font-size\" style=\"box-sizing: border-box;display: inline-block;font-family:\'Raleway\',sans-serif;text-decoration: none;-webkit-text-size-adjust: none;text-align: center;color: #FFFFFF; background-color: #000000; border-radius: 4px;-webkit-border-radius: 4px; -moz-border-radius: 4px; width:auto; max-width:100%; overflow-wrap: break-word; word-break: break-word; word-wrap:break-word; mso-border-alt: none;font-size: 14px;\">\n      <span style=\"display:block;padding:10px 20px;line-height:120%;\"><span style=\"line-height: 16.8px;\">進來我的網站繼續購物</span></span>\n    </a>\n  <!--[if mso]></center></v:roundrect><![endif]-->\n</div>\n\n      </td>\n    </tr>\n  </tbody>\n</table>\n\n  <!--[if (!mso)&(!IE)]><!--></div><!--<![endif]-->\n  </div>\n</div>\n<!--[if (mso)|(IE)]></td><![endif]-->\n      <!--[if (mso)|(IE)]></tr></table></td></tr></table><![endif]-->\n    </div>\n  </div>\n</div>\n\n\n\n<div class=\"u-row-container v-row-padding--vertical\" style=\"padding: 0px;background-color: #ffffff\">\n  <div class=\"u-row\" style=\"Margin: 0 auto;min-width: 320px;max-width: 600px;overflow-wrap: break-word;word-wrap: break-word;word-break: break-word;background-color: transparent;\">\n    <div style=\"border-collapse: collapse;display: table;width: 100%;height: 100%;background-color: transparent;\">\n      <!--[if (mso)|(IE)]><table width=\"100%\" cellpadding=\"0\" cellspacing=\"0\" border=\"0\"><tr><td style=\"padding: 0px;background-color: #ffffff;\" align=\"center\"><table cellpadding=\"0\" cellspacing=\"0\" border=\"0\" style=\"width:600px;\"><tr style=\"background-color: transparent;\"><![endif]-->\n      \n<!--[if (mso)|(IE)]><td align=\"center\" width=\"200\" style=\"background-color: #ffffff;width: 200px;padding: 0px;border-top: 0px solid transparent;border-left: 0px solid transparent;border-right: 0px solid transparent;border-bottom: 0px solid transparent;border-radius: 0px;-webkit-border-radius: 0px; -moz-border-radius: 0px;\" valign=\"top\"><![endif]-->\n<div class=\"u-col u-col-33p33\" style=\"max-width: 320px;min-width: 200px;display: table-cell;vertical-align: top;\">\n  <div style=\"background-color: #ffffff;height: 100%;width: 100% !important;border-radius: 0px;-webkit-border-radius: 0px; -moz-border-radius: 0px;\">\n  <!--[if (!mso)&(!IE)]><!--><div style=\"box-sizing: border-box; height: 100%; padding: 0px;border-top: 0px solid transparent;border-left: 0px solid transparent;border-right: 0px solid transparent;border-bottom: 0px solid transparent;border-radius: 0px;-webkit-border-radius: 0px; -moz-border-radius: 0px;\"><!--<![endif]-->\n  \n<table id=\"u_content_image_4\" style=\"font-family:\'Raleway\',sans-serif;\" role=\"presentation\" cellpadding=\"0\" cellspacing=\"0\" width=\"100%\" border=\"0\">\n  <tbody>\n    <tr>\n      <td class=\"v-container-padding-padding\" style=\"overflow-wrap:break-word;word-break:break-word;padding:30px 10px;font-family:\'Raleway\',sans-serif;\" align=\"left\">\n        \n<table width=\"100%\" cellpadding=\"0\" cellspacing=\"0\" border=\"0\">\n  <tr>\n    <td class=\"v-text-align\" style=\"padding-right: 0px;padding-left: 0px;\" align=\"center\">\n      \n      <img align=\"center\" border=\"0\" src=\"images/image-7.jpeg\" alt=\"image\" title=\"image\" style=\"outline: none;text-decoration: none;-ms-interpolation-mode: bicubic;clear: both;display: inline-block !important;border: none;height: auto;float: none;width: 65%;max-width: 117px;\" width=\"117\" class=\"v-src-width v-src-max-width\"/>\n      \n    </td>\n  </tr>\n</table>\n\n      </td>\n    </tr>\n  </tbody>\n</table>\n\n  <!--[if (!mso)&(!IE)]><!--></div><!--<![endif]-->\n  </div>\n</div>\n<!--[if (mso)|(IE)]></td><![endif]-->\n<!--[if (mso)|(IE)]><td align=\"center\" width=\"400\" style=\"background-color: #2980b9;width: 400px;padding: 0px;border-top: 0px solid transparent;border-left: 0px solid transparent;border-right: 0px solid transparent;border-bottom: 0px solid transparent;border-radius: 0px;-webkit-border-radius: 0px; -moz-border-radius: 0px;\" valign=\"top\"><![endif]-->\n<div class=\"u-col u-col-66p67\" style=\"max-width: 320px;min-width: 400px;display: table-cell;vertical-align: top;\">\n  <div style=\"background-color: #2980b9;height: 100%;width: 100% !important;border-radius: 0px;-webkit-border-radius: 0px; -moz-border-radius: 0px;\">\n  <!--[if (!mso)&(!IE)]><!--><div style=\"box-sizing: border-box; height: 100%; padding: 0px;border-top: 0px solid transparent;border-left: 0px solid transparent;border-right: 0px solid transparent;border-bottom: 0px solid transparent;border-radius: 0px;-webkit-border-radius: 0px; -moz-border-radius: 0px;\"><!--<![endif]-->\n  \n<table id=\"u_content_heading_7\" style=\"font-family:\'Raleway\',sans-serif;\" role=\"presentation\" cellpadding=\"0\" cellspacing=\"0\" width=\"100%\" border=\"0\">\n  <tbody>\n    <tr>\n      <td class=\"v-container-padding-padding\" style=\"overflow-wrap:break-word;word-break:break-word;padding:47px 10px 0px;font-family:\'Raleway\',sans-serif;\" align=\"left\">\n        \n  <h1 class=\"v-text-align v-font-size\" style=\"margin: 0px; color: #ffffff; line-height: 140%; text-align: left; word-wrap: break-word; font-size: 20px; \">透肌澎澎防曬襯衫</h1>\n\n      </td>\n    </tr>\n  </tbody>\n</table>\n\n<table id=\"u_content_text_5\" style=\"font-family:\'Raleway\',sans-serif;\" role=\"presentation\" cellpadding=\"0\" cellspacing=\"0\" width=\"100%\" border=\"0\">\n  <tbody>\n    <tr>\n      <td class=\"v-container-padding-padding\" style=\"overflow-wrap:break-word;word-break:break-word;padding:5px 40px 50px 10px;font-family:\'Raleway\',sans-serif;\" align=\"left\">\n        \n  <div class=\"v-text-align v-font-size\" style=\"color: #ffffff; line-height: 140%; text-align: justify; word-wrap: break-word;\">\n    <p style=\"line-height: 140%;\">O.N.S is all about options, which is why we took our staple polo shirt and upgraded it with slubby linen jersey, making it even lighter for those who prefer their summer style extra-breezy.</p>\n  </div>\n\n      </td>\n    </tr>\n  </tbody>\n</table>\n\n  <!--[if (!mso)&(!IE)]><!--></div><!--<![endif]-->\n  </div>\n</div>\n<!--[if (mso)|(IE)]></td><![endif]-->\n      <!--[if (mso)|(IE)]></tr></table></td></tr></table><![endif]-->\n    </div>\n  </div>\n</div>\n\n\n\n<div id=\"u_row_4\" class=\"u-row-container v-row-padding--vertical\" style=\"padding: 0px;background-color: transparent\">\n  <div class=\"u-row\" style=\"Margin: 0 auto;min-width: 320px;max-width: 600px;overflow-wrap: break-word;word-wrap: break-word;word-break: break-word;background-color: transparent;\">\n    <div style=\"border-collapse: collapse;display: table;width: 100%;height: 100%;background-color: transparent;\">\n      <!--[if (mso)|(IE)]><table width=\"100%\" cellpadding=\"0\" cellspacing=\"0\" border=\"0\"><tr><td style=\"padding: 0px;background-color: transparent;\" align=\"center\"><table cellpadding=\"0\" cellspacing=\"0\" border=\"0\" style=\"width:600px;\"><tr style=\"background-color: transparent;\"><![endif]-->\n      \n<!--[if (mso)|(IE)]><td align=\"center\" width=\"200\" style=\"background-color: #ffffff;width: 200px;padding: 0px;border-top: 0px solid transparent;border-left: 0px solid transparent;border-right: 0px solid transparent;border-bottom: 0px solid transparent;border-radius: 0px;-webkit-border-radius: 0px; -moz-border-radius: 0px;\" valign=\"top\"><![endif]-->\n<div class=\"u-col u-col-33p33\" style=\"max-width: 320px;min-width: 200px;display: table-cell;vertical-align: top;\">\n  <div style=\"background-color: #ffffff;height: 100%;width: 100% !important;border-radius: 0px;-webkit-border-radius: 0px; -moz-border-radius: 0px;\">\n  <!--[if (!mso)&(!IE)]><!--><div style=\"box-sizing: border-box; height: 100%; padding: 0px;border-top: 0px solid transparent;border-left: 0px solid transparent;border-right: 0px solid transparent;border-bottom: 0px solid transparent;border-radius: 0px;-webkit-border-radius: 0px; -moz-border-radius: 0px;\"><!--<![endif]-->\n  \n<table id=\"u_content_image_2\" style=\"font-family:\'Raleway\',sans-serif;\" role=\"presentation\" cellpadding=\"0\" cellspacing=\"0\" width=\"100%\" border=\"0\">\n  <tbody>\n    <tr>\n      <td class=\"v-container-padding-padding\" style=\"overflow-wrap:break-word;word-break:break-word;padding:30px 10px;font-family:\'Raleway\',sans-serif;\" align=\"left\">\n        \n<table width=\"100%\" cellpadding=\"0\" cellspacing=\"0\" border=\"0\">\n  <tr>\n    <td class=\"v-text-align\" style=\"padding-right: 0px;padding-left: 0px;\" align=\"center\">\n      \n      <img align=\"center\" border=\"0\" src=\"images/image-6.jpeg\" alt=\"image\" title=\"image\" style=\"outline: none;text-decoration: none;-ms-interpolation-mode: bicubic;clear: both;display: inline-block !important;border: none;height: auto;float: none;width: 65%;max-width: 117px;\" width=\"117\" class=\"v-src-width v-src-max-width\"/>\n      \n    </td>\n  </tr>\n</table>\n\n      </td>\n    </tr>\n  </tbody>\n</table>\n\n  <!--[if (!mso)&(!IE)]><!--></div><!--<![endif]-->\n  </div>\n</div>\n<!--[if (mso)|(IE)]></td><![endif]-->\n<!--[if (mso)|(IE)]><td align=\"center\" width=\"400\" style=\"background-color: #2c3e50;width: 400px;padding: 0px;border-top: 0px solid transparent;border-left: 0px solid transparent;border-right: 0px solid transparent;border-bottom: 0px solid transparent;border-radius: 0px;-webkit-border-radius: 0px; -moz-border-radius: 0px;\" valign=\"top\"><![endif]-->\n<div class=\"u-col u-col-66p67\" style=\"max-width: 320px;min-width: 400px;display: table-cell;vertical-align: top;\">\n  <div style=\"background-color: #2c3e50;height: 100%;width: 100% !important;border-radius: 0px;-webkit-border-radius: 0px; -moz-border-radius: 0px;\">\n  <!--[if (!mso)&(!IE)]><!--><div style=\"box-sizing: border-box; height: 100%; padding: 0px;border-top: 0px solid transparent;border-left: 0px solid transparent;border-right: 0px solid transparent;border-bottom: 0px solid transparent;border-radius: 0px;-webkit-border-radius: 0px; -moz-border-radius: 0px;\"><!--<![endif]-->\n  \n<table id=\"u_content_heading_1\" style=\"font-family:\'Raleway\',sans-serif;\" role=\"presentation\" cellpadding=\"0\" cellspacing=\"0\" width=\"100%\" border=\"0\">\n  <tbody>\n    <tr>\n      <td class=\"v-container-padding-padding\" style=\"overflow-wrap:break-word;word-break:break-word;padding:47px 10px 0px;font-family:\'Raleway\',sans-serif;\" align=\"left\">\n        \n  <h1 class=\"v-text-align v-font-size\" style=\"margin: 0px; color: #ffffff; line-height: 140%; text-align: left; word-wrap: break-word; font-size: 20px; \">純色輕薄百搭襯衫</h1>\n\n      </td>\n    </tr>\n  </tbody>\n</table>\n\n<table id=\"u_content_text_7\" style=\"font-family:\'Raleway\',sans-serif;\" role=\"presentation\" cellpadding=\"0\" cellspacing=\"0\" width=\"100%\" border=\"0\">\n  <tbody>\n    <tr>\n      <td class=\"v-container-padding-padding\" style=\"overflow-wrap:break-word;word-break:break-word;padding:5px 40px 50px 10px;font-family:\'Raleway\',sans-serif;\" align=\"left\">\n        \n  <div class=\"v-text-align v-font-size\" style=\"color: #ffffff; line-height: 140%; text-align: justify; word-wrap: break-word;\">\n    <p style=\"line-height: 140%;\">ｚO.N.S is all about options, which is why we took our staple polo shirt and upgraded it with slubby linen jersey, making it even lighter for those who prefer their summer style extra-breezy.</p>\n  </div>\n\n      </td>\n    </tr>\n  </tbody>\n</table>\n\n  <!--[if (!mso)&(!IE)]><!--></div><!--<![endif]-->\n  </div>\n</div>\n<!--[if (mso)|(IE)]></td><![endif]-->\n      <!--[if (mso)|(IE)]></tr></table></td></tr></table><![endif]-->\n    </div>\n  </div>\n</div>\n\n\n\n<div class=\"u-row-container v-row-padding--vertical\" style=\"padding: 0px;background-color: transparent\">\n  <div class=\"u-row\" style=\"Margin: 0 auto;min-width: 320px;max-width: 600px;overflow-wrap: break-word;word-wrap: break-word;word-break: break-word;background-color: transparent;\">\n    <div style=\"border-collapse: collapse;display: table;width: 100%;height: 100%;background-color: transparent;\">\n      <!--[if (mso)|(IE)]><table width=\"100%\" cellpadding=\"0\" cellspacing=\"0\" border=\"0\"><tr><td style=\"padding: 0px;background-color: transparent;\" align=\"center\"><table cellpadding=\"0\" cellspacing=\"0\" border=\"0\" style=\"width:600px;\"><tr style=\"background-color: transparent;\"><![endif]-->\n      \n<!--[if (mso)|(IE)]><td align=\"center\" width=\"600\" style=\"background-color: #ecf0f1;width: 600px;padding: 0px;border-top: 0px solid transparent;border-left: 0px solid transparent;border-right: 0px solid transparent;border-bottom: 0px solid transparent;border-radius: 0px;-webkit-border-radius: 0px; -moz-border-radius: 0px;\" valign=\"top\"><![endif]-->\n<div class=\"u-col u-col-100\" style=\"max-width: 320px;min-width: 600px;display: table-cell;vertical-align: top;\">\n  <div style=\"background-color: #ecf0f1;height: 100%;width: 100% !important;border-radius: 0px;-webkit-border-radius: 0px; -moz-border-radius: 0px;\">\n  <!--[if (!mso)&(!IE)]><!--><div style=\"box-sizing: border-box; height: 100%; padding: 0px;border-top: 0px solid transparent;border-left: 0px solid transparent;border-right: 0px solid transparent;border-bottom: 0px solid transparent;border-radius: 0px;-webkit-border-radius: 0px; -moz-border-radius: 0px;\"><!--<![endif]-->\n  \n<table id=\"u_content_social_1\" style=\"font-family:\'Raleway\',sans-serif;\" role=\"presentation\" cellpadding=\"0\" cellspacing=\"0\" width=\"100%\" border=\"0\">\n  <tbody>\n    <tr>\n      <td class=\"v-container-padding-padding\" style=\"overflow-wrap:break-word;word-break:break-word;padding:50px 10px 10px;font-family:\'Raleway\',sans-serif;\" align=\"left\">\n        \n<div align=\"center\">\n  <div style=\"display: table; max-width:125px;\">\n  <!--[if (mso)|(IE)]><table width=\"125\" cellpadding=\"0\" cellspacing=\"0\" border=\"0\"><tr><td style=\"border-collapse:collapse;\" align=\"center\"><table width=\"100%\" cellpadding=\"0\" cellspacing=\"0\" border=\"0\" style=\"border-collapse:collapse; mso-table-lspace: 0pt;mso-table-rspace: 0pt; width:125px;\"><tr><![endif]-->\n  \n    \n    <!--[if (mso)|(IE)]><td width=\"32\" style=\"width:32px; padding-right: 10px;\" valign=\"top\"><![endif]-->\n    <table align=\"left\" border=\"0\" cellspacing=\"0\" cellpadding=\"0\" width=\"32\" height=\"32\" style=\"width: 32px !important;height: 32px !important;display: inline-block;border-collapse: collapse;table-layout: fixed;border-spacing: 0;mso-table-lspace: 0pt;mso-table-rspace: 0pt;vertical-align: top;margin-right: 10px\">\n      <tbody><tr style=\"vertical-align: top\"><td align=\"left\" valign=\"middle\" style=\"word-break: break-word;border-collapse: collapse !important;vertical-align: top\">\n        <a href=\"https://www.facebook.com/\" title=\"Facebook\" target=\"_blank\">\n          <img src=\"images/image-1.png\" alt=\"Facebook\" title=\"Facebook\" width=\"32\" style=\"outline: none;text-decoration: none;-ms-interpolation-mode: bicubic;clear: both;display: block !important;border: none;height: auto;float: none;max-width: 32px !important\">\n        </a>\n      </td></tr>\n    </tbody></table>\n    <!--[if (mso)|(IE)]></td><![endif]-->\n    \n    <!--[if (mso)|(IE)]><td width=\"32\" style=\"width:32px; padding-right: 10px;\" valign=\"top\"><![endif]-->\n    <table align=\"left\" border=\"0\" cellspacing=\"0\" cellpadding=\"0\" width=\"32\" height=\"32\" style=\"width: 32px !important;height: 32px !important;display: inline-block;border-collapse: collapse;table-layout: fixed;border-spacing: 0;mso-table-lspace: 0pt;mso-table-rspace: 0pt;vertical-align: top;margin-right: 10px\">\n      <tbody><tr style=\"vertical-align: top\"><td align=\"left\" valign=\"middle\" style=\"word-break: break-word;border-collapse: collapse !important;vertical-align: top\">\n        <a href=\"https://www.instagram.com/\" title=\"Instagram\" target=\"_blank\">\n          <img src=\"images/image-2.png\" alt=\"Instagram\" title=\"Instagram\" width=\"32\" style=\"outline: none;text-decoration: none;-ms-interpolation-mode: bicubic;clear: both;display: block !important;border: none;height: auto;float: none;max-width: 32px !important\">\n        </a>\n      </td></tr>\n    </tbody></table>\n    <!--[if (mso)|(IE)]></td><![endif]-->\n    \n    <!--[if (mso)|(IE)]><td width=\"32\" style=\"width:32px; padding-right: 0px;\" valign=\"top\"><![endif]-->\n    <table align=\"left\" border=\"0\" cellspacing=\"0\" cellpadding=\"0\" width=\"32\" height=\"32\" style=\"width: 32px !important;height: 32px !important;display: inline-block;border-collapse: collapse;table-layout: fixed;border-spacing: 0;mso-table-lspace: 0pt;mso-table-rspace: 0pt;vertical-align: top;margin-right: 0px\">\n      <tbody><tr style=\"vertical-align: top\"><td align=\"left\" valign=\"middle\" style=\"word-break: break-word;border-collapse: collapse !important;vertical-align: top\">\n        <a href=\"https://twitter.com/\" title=\"Twitter\" target=\"_blank\">\n          <img src=\"images/image-3.png\" alt=\"Twitter\" title=\"Twitter\" width=\"32\" style=\"outline: none;text-decoration: none;-ms-interpolation-mode: bicubic;clear: both;display: block !important;border: none;height: auto;float: none;max-width: 32px !important\">\n        </a>\n      </td></tr>\n    </tbody></table>\n    <!--[if (mso)|(IE)]></td><![endif]-->\n    \n    \n    <!--[if (mso)|(IE)]></tr></table></td></tr></table><![endif]-->\n  </div>\n</div>\n\n      </td>\n    </tr>\n  </tbody>\n</table>\n\n<table id=\"u_content_text_deprecated_1\" style=\"font-family:\'Raleway\',sans-serif;\" role=\"presentation\" cellpadding=\"0\" cellspacing=\"0\" width=\"100%\" border=\"0\">\n  <tbody>\n    <tr>\n      <td class=\"v-container-padding-padding\" style=\"overflow-wrap:break-word;word-break:break-word;padding:10px 100px 30px;font-family:\'Raleway\',sans-serif;\" align=\"left\">\n        \n  <div class=\"v-text-align v-font-size\" style=\"line-height: 170%; text-align: center; word-wrap: break-word;\">\n    <p style=\"font-size: 14px; line-height: 170%;\">關於 Stylish｜服務條款｜隱私政策｜聯絡我們｜FAQ</p>\n<p style=\"font-size: 14px; line-height: 170%;\"> </p>\n<p style=\"font-size: 14px; line-height: 170%;\"> </p>\n  </div>\n\n      </td>\n    </tr>\n  </tbody>\n</table>\n\n<table style=\"font-family:\'Raleway\',sans-serif;\" role=\"presentation\" cellpadding=\"0\" cellspacing=\"0\" width=\"100%\" border=\"0\">\n  <tbody>\n    <tr>\n      <td class=\"v-container-padding-padding\" style=\"overflow-wrap:break-word;word-break:break-word;padding:0px;font-family:\'Raleway\',sans-serif;\" align=\"left\">\n        \n  <table height=\"0px\" align=\"center\" border=\"0\" cellpadding=\"0\" cellspacing=\"0\" width=\"100%\" style=\"border-collapse: collapse;table-layout: fixed;border-spacing: 0;mso-table-lspace: 0pt;mso-table-rspace: 0pt;vertical-align: top;border-top: 1px solid #BBBBBB;-ms-text-size-adjust: 100%;-webkit-text-size-adjust: 100%\">\n    <tbody>\n      <tr style=\"vertical-align: top\">\n        <td style=\"word-break: break-word;border-collapse: collapse !important;vertical-align: top;font-size: 0px;line-height: 0px;mso-line-height-rule: exactly;-ms-text-size-adjust: 100%;-webkit-text-size-adjust: 100%\">\n          <span>&#160;</span>\n        </td>\n      </tr>\n    </tbody>\n  </table>\n\n      </td>\n    </tr>\n  </tbody>\n</table>\n\n<table id=\"u_content_image_5\" style=\"font-family:\'Raleway\',sans-serif;\" role=\"presentation\" cellpadding=\"0\" cellspacing=\"0\" width=\"100%\" border=\"0\">\n  <tbody>\n    <tr>\n      <td class=\"v-container-padding-padding\" style=\"overflow-wrap:break-word;word-break:break-word;padding:30px 10px;font-family:\'Raleway\',sans-serif;\" align=\"left\">\n        \n<table width=\"100%\" cellpadding=\"0\" cellspacing=\"0\" border=\"0\">\n  <tr>\n    <td class=\"v-text-align\" style=\"padding-right: 0px;padding-left: 0px;\" align=\"center\">\n      \n      <img align=\"center\" border=\"0\" src=\"images/image-4.png\" alt=\"image\" title=\"image\" style=\"outline: none;text-decoration: none;-ms-interpolation-mode: bicubic;clear: both;display: inline-block !important;border: none;height: auto;float: none;width: 100%;max-width: 516px;\" width=\"516\" class=\"v-src-width v-src-max-width\"/>\n      \n    </td>\n  </tr>\n</table>\n\n      </td>\n    </tr>\n  </tbody>\n</table>\n\n  <!--[if (!mso)&(!IE)]><!--></div><!--<![endif]-->\n  </div>\n</div>\n<!--[if (mso)|(IE)]></td><![endif]-->\n      <!--[if (mso)|(IE)]></tr></table></td></tr></table><![endif]-->\n    </div>\n  </div>\n</div>\n\n\n    <!--[if (mso)|(IE)]></td></tr></table><![endif]-->\n    </td>\n  </tr>\n  </tbody>\n  </table>\n  <!--[if mso]></div><![endif]-->\n  <!--[if IE]></div><![endif]-->\n</body>\n\n</html>\n',0,0,'2023-04-14 14:47:34','success','2023-04-14 14:47:34'),(23,1,'test','tingyilia00@gmail.com','tingyilia00@gmail.com','tingyilia00@gmail.com','tingyilia00@gmail.com','test787878','html','<a href=\"https://aws.amazon.com/\">Amazon Web Services</a>',0,0,'2023-04-14 14:49:26','success','2023-04-14 14:49:26'),(24,1,'test','tingyilia00@gmail.com','tingyilia00@gmail.com','tingyilia00@gmail.com','tingyilia00@gmail.com','test787878','html','<a href=\"https://aws.amazon.com/\">Amazon Web Services</a>',0,0,'2023-04-14 14:50:38','success','2023-04-14 14:50:38'),(25,1,'test','tingyilia00@gmail.com','tingyilia00@gmail.com','tingyilia00@gmail.com','tingyilia00@gmail.com','test787878','html','<a href=\"https://aws.amazon.com/\">Amazon Web Services</a>',0,1,'2023-04-14 14:51:59','success','2023-04-14 14:51:59'),(26,1,'test','tingyilia00@gmail.com','tingyilia00@gmail.com','tingyilia00@gmail.com','tingyilia00@gmail.com','test787878','html','<a href=\"https://aws.amazon.com/\">Amazon Web Services</a>',0,1,'2023-04-14 14:52:42','success','2023-04-14 14:52:42'),(27,1,'test','tingyilia00@gmail.com','tingyilia00@gmail.com','tingyilia00@gmail.com','tingyilia00@gmail.com','test787878','html','<a href=\"https://aws.amazon.com/\">Amazon Web Services</a>',0,0,'2023-04-14 14:53:24','success','2023-04-14 14:53:24'),(28,1,'test','tingyilia00@gmail.com','tingyilia00@gmail.com','tingyilia00@gmail.com','tingyilia00@gmail.com','test787878','html','<a href=\"https://aws.amazon.com/\">Amazon Web Services</a>',1,0,'2023-04-14 14:53:45','success','2023-04-14 14:53:45'),(29,1,'test','tingyilia00@gmail.com','tingyilia00@gmail.com','tingyilia00@gmail.com','tingyilia00@gmail.com','test787878','html','<a href=\"https://aws.amazon.com/\">Amazon Web Services</a>',1,1,'2023-04-14 14:54:01','success','2023-04-14 14:54:01'),(30,1,'test','tingyilia00@gmail.com','tingyilia00@gmail.com','tingyilia00@gmail.com','tingyilia00@gmail.com','test787878','html','<a href=\"https://aws.amazon.com/\">Amazon Web Services</a>\n    <a href=\"https://aws.amazon.com/\">Amazon Web Services</a>\n    <a href=\"https://aws.amazon.com/\">Amazon Web Services</a>',1,1,'2023-04-14 14:55:11','success','2023-04-14 14:55:11'),(31,1,'test','tingyilia00@gmail.com','tingyilia00@gmail.com','tingyilia00@gmail.com','tingyilia00@gmail.com','test787878','html','<a href=\"https://aws.amazon.com/\">Amazon Web Services</a>\n    <a href=\"https://aws.amazon.com/\">Amazon Web Services</a>\n    <a href=\"https://google.com\">Amazon Web Services</a>',1,1,'2023-04-14 14:56:07','success','2023-04-14 14:56:07'),(32,1,'test','tingyilia00@gmail.com','tingyilia00@gmail.com','tingyilia00@gmail.com','tingyilia00@gmail.com','test787878','html','<a href=\"https://aws.amazon.com/\">Amazon Web Services</a>\n    <a href=\"https://aws.amazon.com/\">Amazon Web Services</a>\n    <a href=\"https://google.com\">Amazon Web Services</a>',1,1,'2023-04-14 17:11:39','success','2023-04-14 17:11:39'),(33,1,'test','tingyilia00@gmail.com','tingyilia00@gmail.com','tingyilia00@gmail.com','tingyilia00@gmail.com','test787878','html','<a href=\"https://aws.amazon.com/\">Amazon Web Services</a>\n    <a href=\"https://aws.amazon.com/\">Amazon Web Services</a>\n    <a href=\"https://google.com\">Amazon Web Services</a>',1,1,'2023-04-15 11:43:29','success','2023-04-15 11:43:29'),(34,1,'simple-send.online','tingyilia00@gmail.com','tingyilia00@gmail.com','tingyilia00@gmail.com','tingyilia00@gmail.com','test787878','html','eeeee',0,1,'2023-04-16 17:39:13','success','2023-04-16 17:39:18'),(35,1,'side-project2023.online','tingyilia00@gmail.com','tingyilia00@gmail.com','tingyilia00@gmail.com','tingyilia00@gmail.com','test787878','html','eeeee',0,1,'2023-04-16 17:39:44','success','2023-04-16 17:39:44'),(36,1,'side-project2023.online','tingyilia00@gmail.com','tingyilia00@gmail.com','tingyilia00@gmail.com','tingyilia00@gmail.com','test787878','html','eeeee',0,1,'2023-04-16 19:52:15','triggered','2023-04-16 19:52:15'),(37,1,'side-project2023.online','tingyilia00@gmail.com','tingyilia00@gmail.com','tingyilia00@gmail.com','tingyilia00@gmail.com','test787878','html','eeeee',0,1,'2023-04-16 19:53:20','triggered','2023-04-16 19:53:20'),(38,1,'side-project2023.online','tingyilia00@gmail.com','tingyilia00@gmail.com','tingyilia00@gmail.com','tingyilia00@gmail.com','test787878','html','eeeee',0,1,'2023-04-16 19:54:07','success','2023-04-16 19:54:08'),(39,1,'side-project2023.online','tingyilia00@gmail.com','tingyilia00@gmail.com','tingyilia00@gmail.com','tingyilia00@gmail.com','test787878','html','eeeee',0,1,'2023-04-16 19:57:44','success','2023-04-16 19:57:45'),(40,1,'side-project2023.online','tingyilia00@gmail.com','tingyilia00@gmail.com','tingyilia00@gmail.com','tingyilia00@gmail.com','test787878','html','eeeee',0,1,'2023-04-16 19:58:54','success','2023-04-16 19:58:54'),(41,1,'side-project2023.online','tingyilia00@gmail.com','tingyilia00@gmail.com','tingyilia00@gmail.com','tingyilia00@gmail.com','test787878','html','eeeee',0,1,'2023-04-16 19:59:52','success','2023-04-16 19:59:52'),(42,1,'side-project2023.online','tingyilia00@gmail.com','tingyilia00@gmail.com','tingyilia00@gmail.com','tingyilia00@gmail.com','test787878','html','eeeee',0,1,'2023-04-16 20:01:36','success','2023-04-16 20:01:36'),(43,1,'side-project2023.online','tingyilia00@gmail.com','tingyilia00@gmail.com','tingyilia00@gmail.com','tingyilia00@gmail.com','test787878','html','eeeee',0,1,'2023-04-16 20:02:33','success','2023-04-16 20:02:33');
/*!40000 ALTER TABLE `send_email_list` ENABLE KEYS */;
UNLOCK TABLES;

--
-- Table structure for table `send_email_log_list`
--

DROP TABLE IF EXISTS `send_email_log_list`;
/*!40101 SET @saved_cs_client     = @@character_set_client */;
/*!50503 SET character_set_client = utf8mb4 */;
CREATE TABLE `send_email_log_list` (
  `id` int NOT NULL AUTO_INCREMENT,
  `send_count` tinyint unsigned NOT NULL,
  `trigger_dt` datetime NOT NULL,
  `send_response_dt` datetime NOT NULL,
  `send_status_code` int NOT NULL,
  `send_message` varchar(255) NOT NULL,
  `send_email_list_id` int NOT NULL,
  PRIMARY KEY (`id`)
) ENGINE=InnoDB AUTO_INCREMENT=55 DEFAULT CHARSET=utf8mb4 COLLATE=utf8mb4_0900_ai_ci;
/*!40101 SET character_set_client = @saved_cs_client */;

--
-- Dumping data for table `send_email_log_list`
--

LOCK TABLES `send_email_log_list` WRITE;
/*!40000 ALTER TABLE `send_email_log_list` DISABLE KEYS */;
INSERT INTO `send_email_log_list` VALUES (1,0,'2023-04-14 14:03:13','2023-04-14 14:03:13',0,'default',0),(3,0,'2023-04-14 14:16:34','2023-04-14 14:16:34',0,'default',0),(5,0,'2023-04-14 14:19:45','2023-04-14 14:19:45',0,'default',10),(6,1,'2023-04-14 14:19:48','2023-04-14 14:19:48',0,'default',10),(7,2,'2023-04-14 14:19:52','2023-04-14 14:19:52',0,'default',10),(8,3,'2023-04-14 14:19:58','2023-04-14 14:19:58',0,'default',10),(9,4,'2023-04-14 14:20:06','2023-04-14 14:20:06',0,'default',10),(10,0,'2023-04-14 14:21:03','2023-04-14 14:21:03',0,'default',11),(11,1,'2023-04-14 14:21:06','2023-04-14 14:21:06',0,'default',11),(12,2,'2023-04-14 14:21:10','2023-04-14 14:21:10',0,'default',11),(13,0,'2023-04-14 14:21:24','2023-04-14 14:21:24',0,'default',12),(14,1,'2023-04-14 14:21:26','2023-04-14 14:21:26',0,'default',12),(15,2,'2023-04-14 14:21:30','2023-04-14 14:21:30',0,'default',12),(16,3,'2023-04-14 14:21:36','2023-04-14 14:21:36',0,'default',12),(17,4,'2023-04-14 14:21:44','2023-04-14 14:21:44',0,'default',12),(18,0,'2023-04-14 14:23:33','2023-04-14 14:23:33',0,'default',13),(19,0,'2023-04-14 14:23:51','2023-04-14 14:23:51',0,'default',14),(20,0,'2023-04-14 14:24:44','2023-04-14 14:24:44',400,'2 validation errors detected: Value null at \'message.subject.data\' failed to satisfy constraint: Member must not be null; Value null at \'message.body\' failed to satisfy constraint: Member must not be null',15),(21,1,'2023-04-14 14:24:46','2023-04-14 14:24:46',400,'2 validation errors detected: Value null at \'message.subject.data\' failed to satisfy constraint: Member must not be null; Value null at \'message.body\' failed to satisfy constraint: Member must not be null',15),(22,2,'2023-04-14 14:24:50','2023-04-14 14:24:50',400,'2 validation errors detected: Value null at \'message.subject.data\' failed to satisfy constraint: Member must not be null; Value null at \'message.body\' failed to satisfy constraint: Member must not be null',15),(23,3,'2023-04-14 14:24:56','2023-04-14 14:24:56',400,'2 validation errors detected: Value null at \'message.subject.data\' failed to satisfy constraint: Member must not be null; Value null at \'message.body\' failed to satisfy constraint: Member must not be null',15),(24,4,'2023-04-14 14:25:04','2023-04-14 14:25:05',400,'2 validation errors detected: Value null at \'message.subject.data\' failed to satisfy constraint: Member must not be null; Value null at \'message.body\' failed to satisfy constraint: Member must not be null',15),(25,0,'2023-04-14 14:27:13','2023-04-14 14:27:14',400,'2 validation errors detected: Value null at \'message.subject.data\' failed to satisfy constraint: Member must not be null; Value null at \'message.body\' failed to satisfy constraint: Member must not be null',16),(26,1,'2023-04-14 14:27:16','2023-04-14 14:27:16',400,'2 validation errors detected: Value null at \'message.subject.data\' failed to satisfy constraint: Member must not be null; Value null at \'message.body\' failed to satisfy constraint: Member must not be null',16),(27,2,'2023-04-14 14:27:20','2023-04-14 14:27:21',400,'2 validation errors detected: Value null at \'message.subject.data\' failed to satisfy constraint: Member must not be null; Value null at \'message.body\' failed to satisfy constraint: Member must not be null',16),(28,3,'2023-04-14 14:27:27','2023-04-14 14:27:27',400,'2 validation errors detected: Value null at \'message.subject.data\' failed to satisfy constraint: Member must not be null; Value null at \'message.body\' failed to satisfy constraint: Member must not be null',16),(29,4,'2023-04-14 14:27:35','2023-04-14 14:27:35',400,'2 validation errors detected: Value null at \'message.subject.data\' failed to satisfy constraint: Member must not be null; Value null at \'message.body\' failed to satisfy constraint: Member must not be null',16),(30,0,'2023-04-14 14:28:52','2023-04-14 14:28:53',200,'successfully send email',17),(31,0,'2023-04-14 14:30:12','2023-04-14 14:30:14',200,'successfully send email',18),(32,0,'2023-04-14 14:30:33','2023-04-14 14:30:34',200,'successfully send email',19),(33,0,'2023-04-14 14:30:57','2023-04-14 14:30:58',200,'successfully send email',20),(34,0,'2023-04-14 14:46:44','2023-04-14 14:46:46',200,'successfully send email',21),(35,0,'2023-04-14 14:47:34','2023-04-14 14:47:35',200,'successfully send email',22),(36,0,'2023-04-14 14:49:26','2023-04-14 14:49:27',200,'successfully send email',23),(37,0,'2023-04-14 14:50:38','2023-04-14 14:50:39',200,'successfully send email',24),(38,0,'2023-04-14 14:51:59','2023-04-14 14:52:00',200,'successfully send email',25),(39,0,'2023-04-14 14:52:42','2023-04-14 14:52:42',200,'successfully send email',26),(40,0,'2023-04-14 14:53:24','2023-04-14 14:53:24',200,'successfully send email',27),(41,0,'2023-04-14 14:53:45','2023-04-14 14:53:45',200,'successfully send email',28),(42,0,'2023-04-14 14:54:01','2023-04-14 14:54:02',200,'successfully send email',29),(43,0,'2023-04-14 14:55:11','2023-04-14 14:55:12',200,'successfully send email',30),(44,0,'2023-04-14 14:56:07','2023-04-14 14:56:09',200,'successfully send email',31),(45,0,'2023-04-14 17:11:39','2023-04-14 17:11:39',200,'successfully send email',32),(46,0,'2023-04-15 11:43:29','2023-04-15 11:43:30',200,'successfully send email',33),(47,0,'2023-04-16 17:39:18','2023-04-16 17:39:19',200,'successfully send email',34),(48,0,'2023-04-16 17:39:44','2023-04-16 17:39:44',200,'successfully send email',35),(49,1,'2023-04-16 19:54:12','2023-04-16 19:54:12',200,'successfully send email',38),(50,1,'2023-04-16 19:57:50','2023-04-16 19:57:52',200,'successfully send email',39),(51,1,'2023-04-16 19:58:59','2023-04-16 19:59:00',200,'successfully send email',40),(52,1,'2023-04-16 19:59:55','2023-04-16 19:59:56',200,'successfully send email',41),(53,1,'2023-04-16 20:01:42','2023-04-16 20:01:43',200,'successfully send email',42),(54,1,'2023-04-16 20:02:37','2023-04-16 20:02:38',200,'successfully send email',43);
/*!40000 ALTER TABLE `send_email_log_list` ENABLE KEYS */;
UNLOCK TABLES;

--
-- Table structure for table `tracking_email_list`
--

DROP TABLE IF EXISTS `tracking_email_list`;
/*!40101 SET @saved_cs_client     = @@character_set_client */;
/*!50503 SET character_set_client = utf8mb4 */;
CREATE TABLE `tracking_email_list` (
  `id` int NOT NULL AUTO_INCREMENT,
  `tracking_type` varchar(20) NOT NULL,
  `recipient_country` varchar(255) NOT NULL,
  `recipient_browser` varchar(255) NOT NULL,
  `recipient_platform` varchar(255) NOT NULL,
  `public_ip` varchar(30) NOT NULL,
  `referer_url` varchar(255) NOT NULL,
  `trigger_dt` datetime NOT NULL,
  `send_email_list_id` int NOT NULL,
  PRIMARY KEY (`id`)
) ENGINE=InnoDB AUTO_INCREMENT=30 DEFAULT CHARSET=utf8mb4 COLLATE=utf8mb4_0900_ai_ci;
/*!40101 SET character_set_client = @saved_cs_client */;

--
-- Dumping data for table `tracking_email_list`
--

LOCK TABLES `tracking_email_list` WRITE;
/*!40000 ALTER TABLE `tracking_email_list` DISABLE KEYS */;
INSERT INTO `tracking_email_list` VALUES (1,'pixel','US','GmailImageProxy','Windows NT 5.1','66.249.84.108','undefined','2023-04-14 16:59:40',36),(2,'pixel','US','GmailImageProxy','Windows NT 5.1','66.249.84.107','undefined','2023-04-14 17:00:00',36),(3,'pixel','US','GmailImageProxy','Windows NT 5.1','66.249.84.110','undefined','2023-04-14 17:11:56',36),(4,'pixel','US','GmailImageProxy','Windows NT 5.1','66.249.84.108','undefined','2023-04-14 17:11:56',35),(5,'pixel','US','GmailImageProxy','Windows NT 5.1','66.249.84.108','undefined','2023-04-14 17:12:01',32),(6,'pixel','US','GmailImageProxy','Windows NT 5.1','66.249.84.110','undefined','2023-04-14 17:12:14',32),(7,'pixel','US','GmailImageProxy','Windows NT 5.1','66.249.84.107','undefined','2023-04-14 17:12:21',36),(8,'link','TW','Chrome','Macintosh','59.120.11.125','undefined','2023-04-14 17:12:33',32),(9,'link','TW','Chrome','Windows NT 10.0','27.100.64.228','undefined','2023-04-14 17:12:44',32),(10,'link','TW','Chrome','Windows NT 10.0','210.209.18.228','undefined','2023-04-14 17:56:43',36),(11,'link','TW','Chrome','Macintosh','59.120.11.125','undefined','2023-04-14 17:58:33',36),(12,'link','TW','Chrome','Macintosh','59.120.11.125','undefined','2023-04-14 17:58:57',32),(13,'link','TW','Chrome','Macintosh','59.120.11.125','undefined','2023-04-14 17:59:01',32),(14,'link','TW','Chrome','Macintosh','59.120.11.125','undefined','2023-04-14 17:59:03',32),(15,'link','TW','Chrome','Windows NT 10.0','27.100.64.229','undefined','2023-04-14 17:59:12',32),(16,'pixel','US','GmailImageProxy','Windows NT 5.1','66.249.84.107','undefined','2023-04-14 17:59:34',36),(17,'pixel','US','GmailImageProxy','Windows NT 5.1','66.249.84.110','undefined','2023-04-14 17:59:34',32),(18,'link','TW','Chrome','Windows NT 10.0','210.209.18.228','undefined','2023-04-14 18:28:11',32),(19,'link','TW','Chrome','Windows NT 10.0','27.100.64.229','undefined','2023-04-14 18:59:47',35),(20,'link','TW','Chrome','Windows NT 10.0','27.100.64.229','undefined','2023-04-14 19:36:48',32),(21,'link','TW','Chrome','Windows NT 10.0','27.100.64.228','undefined','2023-04-14 20:09:42',32),(22,'pixel','US','GmailImageProxy','Windows NT 5.1','66.249.84.104','undefined','2023-04-15 11:44:53',33),(23,'link','TW','Chrome','Macintosh','125.229.210.43','undefined','2023-04-15 11:45:00',33),(24,'link','TW','Chrome','Macintosh','125.229.210.43','undefined','2023-04-15 11:45:15',33),(25,'link','TW','Mobile Safari','iPhone','125.229.210.43','undefined','2023-04-15 12:00:11',33),(26,'link','TW','Mobile Safari','iPhone','114.136.156.72','undefined','2023-04-15 12:00:24',33),(27,'link','TW','Mobile Safari','iPhone','114.136.156.72','undefined','2023-04-15 12:08:57',33),(28,'link','TW','Mobile Safari','iPhone','114.136.156.72','undefined','2023-04-15 12:09:36',33),(29,'link','TW','Mobile Safari','iPhone','114.136.156.72','undefined','2023-04-15 12:09:38',33);
/*!40000 ALTER TABLE `tracking_email_list` ENABLE KEYS */;
UNLOCK TABLES;

--
-- Table structure for table `user`
--

DROP TABLE IF EXISTS `user`;
/*!40101 SET @saved_cs_client     = @@character_set_client */;
/*!50503 SET character_set_client = utf8mb4 */;
CREATE TABLE `user` (
  `id` int NOT NULL AUTO_INCREMENT,
  `name` varchar(80) NOT NULL,
  `email` varchar(255) NOT NULL,
  `password` varchar(80) NOT NULL,
  PRIMARY KEY (`id`)
) ENGINE=InnoDB AUTO_INCREMENT=2 DEFAULT CHARSET=utf8mb4 COLLATE=utf8mb4_0900_ai_ci;
/*!40101 SET character_set_client = @saved_cs_client */;

--
-- Dumping data for table `user`
--

LOCK TABLES `user` WRITE;
/*!40000 ALTER TABLE `user` DISABLE KEYS */;
INSERT INTO `user` VALUES (1,'test','test','test');
/*!40000 ALTER TABLE `user` ENABLE KEYS */;
UNLOCK TABLES;

--
-- Table structure for table `user_name_from_list`
--

DROP TABLE IF EXISTS `user_name_from_list`;
/*!40101 SET @saved_cs_client     = @@character_set_client */;
/*!50503 SET character_set_client = utf8mb4 */;
CREATE TABLE `user_name_from_list` (
  `user_id` int NOT NULL,
  `domain_name` varchar(255) NOT NULL,
  `verify_status` varchar(20) NOT NULL,
  `setting_string` varchar(50) NOT NULL,
  `created_dt` datetime NOT NULL,
  `verify_dt` datetime NOT NULL,
  `id` int NOT NULL AUTO_INCREMENT,
  PRIMARY KEY (`id`),
  UNIQUE KEY `domain_name` (`domain_name`)
) ENGINE=InnoDB AUTO_INCREMENT=4 DEFAULT CHARSET=utf8mb4 COLLATE=utf8mb4_0900_ai_ci;
/*!40101 SET character_set_client = @saved_cs_client */;

--
-- Dumping data for table `user_name_from_list`
--

LOCK TABLES `user_name_from_list` WRITE;
/*!40000 ALTER TABLE `user_name_from_list` DISABLE KEYS */;
INSERT INTO `user_name_from_list` VALUES (1,'side-project2023.online','success','ee03dd79d72331a4c325c246b2882942','2023-04-16 16:27:06','2023-04-17 10:44:22',1),(1,'simple-send.online','success','d94526faa7f59b14c7a91a9b1acc5094','2023-04-16 16:28:42','2023-04-17 10:44:04',2),(1,'ts-json.link','success','463620d05824c7c6451bf883c028139d','2023-04-17 10:25:38','2023-04-17 10:54:16',3);
/*!40000 ALTER TABLE `user_name_from_list` ENABLE KEYS */;
UNLOCK TABLES;
/*!40103 SET TIME_ZONE=@OLD_TIME_ZONE */;

/*!40101 SET SQL_MODE=@OLD_SQL_MODE */;
/*!40014 SET FOREIGN_KEY_CHECKS=@OLD_FOREIGN_KEY_CHECKS */;
/*!40014 SET UNIQUE_CHECKS=@OLD_UNIQUE_CHECKS */;
/*!40101 SET CHARACTER_SET_CLIENT=@OLD_CHARACTER_SET_CLIENT */;
/*!40101 SET CHARACTER_SET_RESULTS=@OLD_CHARACTER_SET_RESULTS */;
/*!40101 SET COLLATION_CONNECTION=@OLD_COLLATION_CONNECTION */;
/*!40111 SET SQL_NOTES=@OLD_SQL_NOTES */;

-- Dump completed on 2023-04-17 11:14:30
